Date,Close,Open,High,Low,Volume,Change
2019-07-11,202.81,201.44,203.06,201.03,1230000.0,0.0052
2019-07-12,203.98,203.76,204.72,202.98,1030000.0,0.0058
2019-07-15,204.07,204.19,205.1,203.71,869040.0,0.0004
2019-07-16,202.59,204.13,205.55,202.45,1070000.0,-0.0073
2019-07-17,201.82,203.54,203.85,201.76,986680.0,-0.0038
2019-07-18,203.64,202.8,203.68,201.82,1070000.0,0.009000000000000001
2019-07-19,203.38,202.99,204.61,202.63,1230000.0,-0.0013
2019-07-22,203.58,204.59,204.99,203.17,653430.0,0.001
2019-07-23,206.82,204.83,206.82,204.19,1060000.0,0.0159
2019-07-24,202.75,204.06,204.19,202.2,1100000.0,-0.0197
2019-07-25,199.89,200.39,200.68,196.53,2080000.0,-0.0141
2019-07-26,200.96,199.43,201.15,199.32,1190000.0,0.0054
2019-07-29,199.77,199.77,200.21,199.25,1470000.0,-0.0059
2019-07-30,196.5,195.81,197.79,195.75,2470000.0,-0.016399999999999998
2019-07-31,191.28,195.91,196.19,188.99,4160000.0,-0.026600000000000002
2019-08-01,190.42,189.61,193.5,189.16,3760000.0,-0.0045000000000000005
2019-08-02,187.71,188.78,189.05,185.83,2560000.0,-0.014199999999999999
2019-08-05,190.63,190.0,193.09,189.22,3070000.0,0.015600000000000001
2019-08-06,188.76,190.3,190.33,185.9,2350000.0,-0.0098
2019-08-07,190.78,187.05,191.41,186.62,2080000.0,0.010700000000000001
2019-08-08,192.61,190.48,193.43,190.0,1930000.0,0.0096
2019-08-09,191.97,189.93,192.8,189.72,1600000.0,-0.0033
2019-08-12,192.2,193.02,194.64,192.01,1890000.0,0.0012
2019-08-13,192.9,192.13,195.61,191.5,1800000.0,0.0036
2019-08-14,185.64,188.8,190.32,185.49,2440000.0,-0.037599999999999995
2019-08-15,186.64,185.71,187.49,185.07,1510000.0,0.0054
2019-08-16,188.79,186.68,189.13,186.56,1200000.0,0.0115
2019-08-19,189.11,189.24,190.33,188.31,1230000.0,0.0017000000000000001
2019-08-20,187.69,188.23,189.0,186.3,1360000.0,-0.0075
2019-08-21,188.74,189.31,189.95,188.61,1070000.0,0.005600000000000001
2019-08-22,187.13,188.55,189.0,186.61,1450000.0,-0.0085
2019-08-23,184.26,185.64,187.36,181.6,2210000.0,-0.015300000000000001
2019-08-26,184.92,185.25,185.44,183.83,1290000.0,0.0036
2019-08-27,184.74,186.1,186.4,184.37,1480000.0,-0.001
2019-08-28,184.97,184.69,185.93,183.86,1150000.0,0.0012
2019-08-29,187.66,188.14,188.44,187.07,1460000.0,0.014499999999999999
2019-08-30,188.91,188.5,189.24,187.41,1700000.0,0.0067
2019-09-03,187.23,187.27,188.13,186.2,1370000.0,-0.0089
2019-09-04,187.56,188.04,188.9,186.51,1210000.0,0.0018
2019-09-05,187.1,188.7,189.5,187.1,1910000.0,-0.0025
2019-09-06,189.52,188.52,190.3,187.97,1070000.0,0.0129
2019-09-09,185.21,188.1,188.44,185.03,2860000.0,-0.0227
2019-09-10,185.72,184.11,185.72,183.26,1790000.0,0.0028000000000000004
2019-09-11,187.61,185.67,187.73,185.11,1290000.0,0.0102
2019-09-12,191.57,190.65,192.62,189.32,1640000.0,0.021099999999999997
2019-09-13,192.16,192.49,193.71,191.98,1720000.0,0.0031
2019-09-16,188.52,191.6,191.8,187.75,1260000.0,-0.0189
2019-09-17,192.24,190.34,193.2,189.75,1190000.0,0.0197
2019-09-18,192.66,193.45,193.67,191.0,1690000.0,0.0022
2019-09-19,194.24,195.69,196.12,193.92,1600000.0,0.008199999999999999
2019-09-20,194.11,195.49,196.25,193.1,2490000.0,-0.0007000000000000001
2019-09-23,193.52,192.65,194.0,192.55,861300.0,-0.003
2019-09-24,191.52,193.17,193.84,190.85,1540000.0,-0.0103
2019-09-25,192.25,190.64,192.87,190.33,852620.0,0.0038
2019-09-26,192.3,193.04,193.21,191.48,1350000.0,0.0003
2019-09-27,191.55,192.16,192.75,190.58,876390.0,-0.0039000000000000003
2019-09-30,193.72,192.52,194.24,192.18,1030000.0,0.0113
2019-10-01,188.55,193.93,194.02,188.45,1130000.0,-0.026699999999999998
2019-10-02,184.11,185.93,186.0,182.06,2000000.0,-0.0235
2019-10-03,184.64,183.86,184.98,182.28,970470.0,0.0029
2019-10-04,186.18,185.66,187.38,184.22,1500000.0,0.0083
2019-10-07,188.58,186.0,190.34,185.83,2740000.0,0.0129
2019-10-08,184.11,187.44,187.45,183.7,1530000.0,-0.023700000000000002
2019-10-09,187.39,186.11,188.04,185.68,1270000.0,0.0178
2019-10-10,191.23,190.23,192.06,188.6,1510000.0,0.020499999999999997
2019-10-11,194.25,192.68,196.54,192.35,1610000.0,0.0158
2019-10-14,192.53,194.3,195.31,192.46,1220000.0,-0.0089
2019-10-15,195.18,195.79,198.03,194.89,1520000.0,0.0138
2019-10-16,196.85,197.8,198.18,196.14,1580000.0,0.0086
2019-10-17,196.64,197.76,198.98,196.55,960670.0,-0.0011
2019-10-18,195.79,196.88,197.24,194.94,1030000.0,-0.0043
2019-10-21,194.97,195.94,196.05,194.33,931160.0,-0.0042
2019-10-22,191.47,193.08,193.68,191.4,1430000.0,-0.018000000000000002
2019-10-23,193.7,193.76,194.87,193.17,1230000.0,0.0116
2019-10-24,192.99,194.31,194.64,192.69,997830.0,-0.0037
2019-10-25,195.0,194.39,195.45,194.04,1030000.0,0.0104
2019-10-28,196.77,196.31,196.89,195.68,1220000.0,0.0091
2019-10-29,199.11,197.77,201.31,197.11,1080000.0,0.011899999999999999
2019-10-30,199.19,197.87,199.56,196.3,1110000.0,0.0004
2019-10-31,198.35,199.18,199.25,196.95,1310000.0,-0.0042
2019-11-01,198.8,198.88,200.05,198.38,816810.0,0.0023
2019-11-04,200.76,201.25,201.49,200.12,1100000.0,0.009899999999999999
2019-11-05,200.31,200.94,201.48,198.95,1150000.0,-0.0022
2019-11-06,201.12,201.11,201.6,200.11,1080000.0,0.004
2019-11-07,202.6,201.64,202.72,201.04,1100000.0,0.0074
2019-11-08,203.0,203.6,204.45,202.31,966330.0,0.002
2019-11-11,202.29,202.77,203.32,201.58,881660.0,-0.0034999999999999996
2019-11-12,205.76,205.23,207.71,204.18,1680000.0,0.0172
2019-11-13,207.82,207.2,208.69,206.75,1390000.0,0.01
2019-11-14,208.64,207.09,208.97,206.74,1000000.0,0.0039000000000000003
2019-11-15,209.71,210.0,210.32,208.33,1810000.0,0.0051
2019-11-18,209.11,208.39,209.96,207.48,1120000.0,-0.0029
2019-11-19,207.43,210.2,210.5,207.43,1460000.0,-0.008
2019-11-20,206.18,207.02,207.7,205.56,1240000.0,-0.006
2019-11-21,206.26,207.23,207.81,206.03,1380000.0,0.0004
2019-11-22,204.91,205.41,206.09,204.66,941240.0,-0.006500000000000001
2019-11-25,205.94,204.74,205.96,204.24,1420000.0,0.005
2019-11-26,205.14,205.11,205.98,204.64,1550000.0,-0.0039000000000000003
2019-11-27,206.0,203.96,206.11,203.81,1070000.0,0.0042
2019-11-29,206.21,205.39,206.82,205.16,847560.0,0.001
2019-12-02,200.63,202.85,203.58,199.83,1730000.0,-0.0271
2019-12-03,202.04,200.61,202.56,199.61,1230000.0,0.006999999999999999
2019-12-04,202.75,204.3,205.02,202.67,1380000.0,0.0034999999999999996
2019-12-05,203.75,203.17,204.06,202.25,868710.0,0.0049
2019-12-06,205.53,205.6,205.99,204.59,921810.0,0.0087
2019-12-09,205.33,206.86,207.0,204.78,1070000.0,-0.001
2019-12-10,203.95,204.7,205.74,203.83,1140000.0,-0.0067
2019-12-11,205.64,205.45,206.36,204.89,1160000.0,0.0083
2019-12-12,209.92,207.09,210.25,206.87,1330000.0,0.0208
2019-12-13,209.05,211.11,211.64,208.38,1530000.0,-0.0040999999999999995
2019-12-16,210.02,211.1,211.17,209.82,1800000.0,0.0046
2019-12-17,209.66,210.38,210.52,208.71,1430000.0,-0.0017000000000000001
2019-12-18,208.33,209.32,209.33,206.94,1430000.0,-0.0063
2019-12-19,209.4,207.94,209.45,207.66,1210000.0,0.0051
2019-12-20,212.11,213.13,213.94,211.02,3030000.0,0.0129
2019-12-23,211.77,212.08,212.31,211.1,967360.0,-0.0016
2019-12-24,211.62,211.57,212.41,210.67,399900.0,-0.0007000000000000001
2019-12-26,212.75,211.7,212.75,211.1,481040.0,0.0053
2019-12-27,212.26,214.15,214.25,212.09,825470.0,-0.0023
2019-12-30,211.49,212.81,212.9,211.27,807520.0,-0.0036
2019-12-31,212.9,211.74,212.92,211.26,1040000.0,0.0067
2020-01-02,210.74,213.58,214.45,210.46,2320000.0,-0.0101
2020-01-03,205.26,207.4,209.05,205.17,2900000.0,-0.026000000000000002
2020-01-06,204.39,204.6,206.35,204.19,2400000.0,-0.0042
2020-01-07,204.83,204.81,206.75,204.25,2590000.0,0.0022
2020-01-08,207.39,205.27,208.19,205.1,1330000.0,0.0125
2020-01-09,208.85,208.08,209.74,207.81,1090000.0,0.006999999999999999
2020-01-10,209.08,210.74,211.82,208.93,1220000.0,0.0011
2020-01-13,211.8,209.79,211.93,209.33,1230000.0,0.013000000000000001
2020-01-14,209.96,211.27,212.12,209.14,2110000.0,-0.0087
2020-01-15,211.44,210.99,212.08,210.35,1080000.0,0.006999999999999999
2020-01-16,213.06,212.88,213.07,211.78,1300000.0,0.0077
2020-01-17,214.1,213.19,214.42,212.84,1900000.0,0.0049
2020-01-21,211.73,211.7,212.74,211.18,1380000.0,-0.0111
2020-01-22,211.08,211.2,211.95,210.45,966940.0,-0.0031
2020-01-23,209.62,208.42,209.65,207.52,1400000.0,-0.0069
2020-01-24,209.99,210.0,212.3,208.82,1540000.0,0.0018
2020-01-27,204.88,205.22,206.3,204.09,1950000.0,-0.024300000000000002
2020-01-28,207.88,205.43,208.93,205.18,1230000.0,0.0146
2020-01-29,208.23,208.13,209.44,207.66,982720.0,0.0017000000000000001
2020-01-30,208.23,206.47,208.57,205.46,1380000.0,0.0
2020-01-31,203.13,205.63,206.34,202.97,1910000.0,-0.0245
2020-02-03,209.44,203.77,210.05,203.58,2910000.0,0.0311
2020-02-04,213.5,210.81,214.85,210.62,2370000.0,0.0194
2020-02-05,216.74,217.12,217.12,213.26,2970000.0,0.0152
2020-02-06,216.75,216.79,217.42,215.07,2230000.0,0.0
2020-02-07,214.16,214.78,215.69,212.73,995280.0,-0.011899999999999999
2020-02-10,215.44,214.89,215.73,214.12,1440000.0,0.006
2020-02-11,216.22,217.58,218.84,215.98,1390000.0,0.0036
2020-02-12,217.2,217.12,217.42,215.51,1240000.0,0.0045000000000000005
2020-02-13,221.26,222.3,227.85,221.14,2230000.0,0.0187
2020-02-14,222.64,221.64,223.1,221.22,1280000.0,0.0062
2020-02-18,223.55,224.04,224.59,222.87,1520000.0,0.0040999999999999995
2020-02-19,222.48,223.02,223.55,221.87,1590000.0,-0.0048
2020-02-20,221.2,220.45,222.36,218.03,1530000.0,-0.0058
2020-02-21,218.34,219.99,220.3,218.24,1660000.0,-0.0129
2020-02-24,210.55,211.15,212.32,209.6,2020000.0,-0.035699999999999996
2020-02-25,201.65,209.18,209.7,200.85,2740000.0,-0.042300000000000004
2020-02-26,203.41,203.3,206.92,202.58,2710000.0,0.0087
2020-02-27,194.95,199.87,203.37,194.9,3690000.0,-0.0416
2020-02-28,191.01,190.81,192.83,185.95,5560000.0,-0.0202
2020-03-02,198.15,191.3,198.3,189.41,3490000.0,0.0374
2020-03-03,195.39,198.02,201.84,192.34,4059999.9999999995,-0.0139
2020-03-04,205.53,198.4,205.75,197.37,2760000.0,0.0519
2020-03-05,196.51,197.74,199.48,195.07,3200000.0,-0.043899999999999995
2020-03-06,189.2,192.13,192.66,185.76,4470000.0,-0.037200000000000004
2020-03-09,173.13,175.06,180.38,172.32,4820000.0,-0.0849
2020-03-10,176.21,176.48,177.42,167.52,5600000.0,0.0178
2020-03-11,173.92,173.46,176.66,172.54,4340000.0,-0.013000000000000001
2020-03-12,158.02,163.4,169.95,157.0,6340000.0,-0.09140000000000001
2020-03-13,176.5,173.38,177.15,161.35,6390000.0,0.11689999999999999
2020-03-16,158.35,148.72,163.64,146.71,7080000.0,-0.10279999999999999
2020-03-17,163.88,156.76,165.64,155.66,4960000.0,0.0349
2020-03-18,157.51,153.39,160.16,149.64,4720000.0,-0.038900000000000004
2020-03-19,154.01,151.47,158.81,148.81,4300000.0,-0.0222
2020-03-20,151.3,154.1,157.94,148.05,4700000.0,-0.0176
2020-03-23,150.0,149.78,155.36,146.8,4430000.0,-0.0086
2020-03-24,164.81,159.29,166.84,157.0,3420000.0,0.0987
2020-03-25,165.3,163.07,175.46,161.34,3260000.0,0.003
2020-03-26,174.19,169.27,175.0,168.69,2730000.0,0.0538
2020-03-27,167.34,167.33,171.06,166.21,2300000.0,-0.0393
2020-03-30,176.8,172.26,177.29,170.84,2480000.0,0.0565
2020-03-31,173.0,172.7,177.25,170.61,3140000.0,-0.0215
2020-04-01,160.87,165.62,168.51,160.22,3820000.0,-0.0701
2020-04-02,164.09,160.15,166.74,159.41,3370000.0,0.02
2020-04-03,162.13,163.25,165.75,161.26,2670000.0,-0.011899999999999999
2020-04-06,175.92,169.61,177.05,169.52,3600000.0,0.0851
2020-04-07,179.94,181.54,185.45,178.64,3100000.0,0.0229
2020-04-08,186.94,180.59,187.43,178.75,2500000.0,0.038900000000000004
2020-04-09,189.48,183.31,190.05,183.25,3210000.0,0.013600000000000001
2020-04-13,186.11,186.45,188.53,183.76,2089999.9999999998,-0.0178
2020-04-14,189.84,188.75,190.91,187.73,2370000.0,0.02
2020-04-15,181.15,182.15,183.45,179.32,2029999.9999999998,-0.0458
2020-04-16,183.13,181.79,183.7,178.88,1810000.0,0.0109
2020-04-17,188.55,187.82,188.9,185.97,2630000.0,0.0296
2020-04-20,185.0,184.87,189.6,184.41,1600000.0,-0.018799999999999997
2020-04-21,178.88,181.67,182.67,176.6,2009999.9999999998,-0.0331
2020-04-22,181.6,180.88,182.89,180.02,1380000.0,0.0152
2020-04-23,181.3,180.73,185.22,180.35,1250000.0,-0.0017000000000000001
2020-04-24,181.47,182.04,182.76,178.85,1190000.0,0.0009
2020-04-27,184.58,182.64,185.62,181.94,1540000.0,0.0171
2020-04-28,186.88,187.96,188.11,185.47,1900000.0,0.0125
2020-04-29,188.69,188.01,190.2,187.67,1280000.0,0.0097
2020-04-30,183.99,185.38,186.19,183.14,2100000.0,-0.024900000000000002
2020-05-01,180.33,184.25,185.1,179.78,1170000.0,-0.0199
2020-05-04,182.66,179.48,183.22,178.61,1830000.0,0.0129
2020-05-05,182.01,183.0,185.05,181.86,1170000.0,-0.0036
2020-05-06,178.95,182.41,182.98,178.8,1340000.0,-0.0168
2020-05-07,184.79,178.03,185.9,177.45,2300000.0,0.0326
2020-05-08,188.41,184.91,188.41,184.75,1840000.0,0.0196
2020-05-11,186.86,184.57,187.38,184.44,1890000.0,-0.008199999999999999
2020-05-12,183.09,185.04,186.49,182.99,1740000.0,-0.0202
2020-05-13,178.78,182.63,182.7,177.71,1860000.0,-0.0235
2020-05-14,179.25,173.8,179.36,172.76,2440000.0,0.0026
2020-05-15,182.59,178.01,182.7,177.92,2830000.0,0.018600000000000002
2020-05-18,192.25,187.91,193.68,187.68,2110000.0,0.0529
2020-05-19,190.25,191.45,192.25,189.86,1770000.0,-0.0104
2020-05-20,195.99,192.8,197.34,192.66,2300000.0,0.0302
2020-05-21,193.67,195.38,195.82,192.51,1890000.0,-0.0118
2020-05-22,190.87,192.42,192.71,190.34,1680000.0,-0.014499999999999999
2020-05-26,193.0,194.0,195.0,192.31,2210000.0,0.011200000000000002
2020-05-27,193.13,194.7,194.75,191.5,1600000.0,0.0007000000000000001
2020-05-28,200.04,197.89,201.93,196.73,1740000.0,0.0358
2020-05-29,202.34,201.54,203.12,198.97,2350000.0,0.0115
2020-06-01,205.22,202.49,205.92,202.25,1660000.0,0.014199999999999999
2020-06-02,206.26,205.03,207.06,204.44,1680000.0,0.0051
2020-06-03,212.89,211.0,213.65,208.92,2160000.0,0.0321
2020-06-04,212.56,213.31,214.25,210.66,1950000.0,-0.0016
2020-06-05,221.28,220.03,224.32,219.47,3530000.0,0.040999999999999995
2020-06-08,216.43,220.54,221.99,214.81,2970000.0,-0.0219
2020-06-09,214.23,215.33,217.65,213.71,2500000.0,-0.0102
2020-06-10,213.36,216.53,216.58,211.98,1750000.0,-0.0040999999999999995
2020-06-11,199.11,209.37,209.9,198.69,2920000.0,-0.0668
2020-06-12,201.94,204.59,204.88,198.31,1710000.0,0.014199999999999999
2020-06-15,203.24,198.33,204.51,197.26,2140000.0,0.0064
2020-06-16,208.28,208.12,209.68,204.63,1880000.0,0.0248
2020-06-17,207.48,210.08,210.28,206.84,1580000.0,-0.0038
2020-06-18,208.16,208.97,210.2,207.0,1560000.0,0.0033
2020-06-19,208.05,211.72,211.75,205.26,4630000.0,-0.0005
2020-06-22,209.97,208.81,210.7,207.73,1510000.0,0.0092
2020-06-23,212.37,214.84,215.2,212.24,2040000.0,0.011399999999999999
2020-06-24,206.07,208.99,210.16,204.8,2069999.9999999998,-0.0297
2020-06-25,209.14,205.7,209.39,204.02,1160000.0,0.0149
2020-06-26,206.82,208.86,209.11,204.59,2790000.0,-0.0111
2020-06-29,211.28,209.92,212.23,208.21,1410000.0,0.0216
2020-06-30,212.11,209.64,213.57,209.45,1700000.0,0.0039000000000000003
2020-07-01,214.77,211.55,215.65,210.73,2130000.0,0.0125
2020-07-02,221.26,218.52,222.03,218.52,2840000.0,0.0302
2020-07-06,224.65,225.0,225.59,221.62,2860000.0,0.015300000000000001
2020-07-07,224.53,222.74,225.88,222.38,2170000.0,-0.0005
2020-07-08,221.52,226.31,227.49,218.64,3060000.0,-0.0134
2020-07-09,221.95,225.66,226.33,220.27,2310000.0,0.0019
2020-07-10,225.95,224.21,226.59,223.11,1450000.0,0.018000000000000002
2020-07-13,225.82,227.92,230.89,225.78,1500000.0,-0.0006
2020-07-14,233.13,225.73,233.89,225.49,2550000.0,0.032400000000000005
2020-07-15,237.63,240.73,241.18,235.6,2620000.0,0.019299999999999998
2020-07-16,238.89,245.17,245.52,237.47,3220000.0,0.0053
2020-07-17,242.6,241.32,243.67,240.98,1900000.0,0.0155
2020-07-20,240.32,242.56,243.88,239.84,1970000.0,-0.009399999999999999
2020-07-21,244.0,243.7,245.99,243.01,1690000.0,0.015300000000000001
2020-07-22,245.34,244.55,246.35,242.36,1390000.0,0.0055000000000000005
2020-07-23,245.98,245.54,248.25,244.6,1070000.0,0.0026
2020-07-24,244.07,242.99,244.86,242.53,1300000.0,-0.0078000000000000005
2020-07-27,246.86,246.05,248.88,245.25,1470000.0,0.011399999999999999
2020-07-28,243.7,247.11,247.59,243.58,1680000.0,-0.0128
2020-07-29,244.71,244.71,245.62,243.64,1970000.0,0.0040999999999999995
2020-07-30,242.02,240.75,242.98,237.05,1860000.0,-0.011000000000000001
2020-07-31,245.11,246.84,247.1,241.45,2760000.0,0.0128
2020-08-03,244.31,247.6,248.11,244.09,2580000.0,-0.0033
2020-08-04,243.85,242.45,245.5,242.03,2440000.0,-0.0019
2020-08-05,248.27,247.5,251.36,246.76,2170000.0,0.0181
2020-08-06,246.66,247.47,248.0,244.67,1940000.0,-0.006500000000000001
2020-08-07,245.31,244.78,245.67,243.69,1750000.0,-0.0055000000000000005
2020-08-10,243.34,242.89,243.99,241.7,1160000.0,-0.008
2020-08-11,244.85,247.58,248.24,244.49,1510000.0,0.0062
2020-08-12,248.63,247.91,251.0,247.36,1320000.0,0.0154
2020-08-13,249.24,247.21,249.92,247.21,1150000.0,0.0025
2020-08-14,248.5,247.89,249.55,247.38,979280.0,-0.003
2020-08-17,248.43,249.64,250.58,247.49,973520.0,-0.0003
2020-08-18,246.88,249.74,250.25,246.01,1010000.0,-0.0062
2020-08-19,247.24,248.27,249.32,246.6,1630000.0,0.0015
2020-08-20,245.31,244.33,245.7,243.79,1910000.0,-0.0078000000000000005
2020-08-21,244.3,240.44,244.93,240.24,1780000.0,-0.0040999999999999995
2020-08-24,248.91,250.78,250.88,248.63,1360000.0,0.0189
2020-08-25,250.08,250.44,251.38,249.26,1060000.0,0.004699999999999999
2020-08-26,252.88,249.71,254.25,249.04,844960.0,0.011200000000000002
2020-08-27,250.93,253.76,254.01,250.14,1080000.0,-0.0077
2020-08-28,253.57,251.51,254.08,250.75,959940.0,0.0105
2020-08-31,249.74,251.66,253.25,249.17,2300000.0,-0.0151
2020-09-01,256.94,249.97,257.05,248.55,2290000.0,0.0288
2020-09-02,260.23,257.44,260.49,255.66,2910000.0,0.0128
2020-09-03,250.45,259.12,259.14,247.36,3310000.0,-0.037599999999999995
2020-09-04,247.7,251.1,251.96,243.49,2920000.0,-0.011000000000000001
2020-09-08,243.05,243.64,245.95,241.89,1850000.0,-0.018799999999999997
2020-09-09,251.15,245.85,253.58,245.85,1850000.0,0.0333
2020-09-10,247.29,253.32,254.61,247.0,1100000.0,-0.0154
2020-09-11,250.17,249.9,251.43,248.71,1380000.0,0.0116
2020-09-14,251.25,251.76,253.64,250.58,1530000.0,0.0043
2020-09-15,250.73,252.1,254.26,250.71,1400000.0,-0.0021
2020-09-16,248.84,250.3,251.88,248.44,1640000.0,-0.0075
2020-09-17,250.39,246.95,250.53,245.9,1510000.0,0.0062
2020-09-18,246.1,249.32,250.61,245.25,2460000.0,-0.0171
2020-09-21,238.44,239.29,240.61,234.87,2180000.0,-0.0311
2020-09-22,238.23,237.84,238.68,236.17,2210000.0,-0.0009
2020-09-23,233.15,238.13,238.37,232.87,1750000.0,-0.0213
2020-09-24,234.5,233.41,235.48,231.7,1390000.0,0.0058
2020-09-25,232.75,229.13,233.67,228.47,2230000.0,-0.0075
2020-09-28,237.05,237.91,238.9,236.4,1180000.0,0.018500000000000003
2020-09-29,236.43,237.76,239.29,236.27,1180000.0,-0.0026
2020-09-30,238.13,236.04,240.02,235.92,2120000.0,0.0072
2020-10-01,232.7,236.69,238.37,232.09,2480000.0,-0.022799999999999997
2020-10-02,232.15,229.27,234.98,229.14,2460000.0,-0.0024
2020-10-05,235.09,234.43,236.65,234.24,2730000.0,0.0127
2020-10-06,232.08,236.13,237.81,231.78,1990000.0,-0.0128
2020-10-07,238.95,234.64,240.0,234.36,1790000.0,0.0296
2020-10-08,237.75,238.87,240.38,237.09,1540000.0,-0.005
2020-10-09,239.94,239.16,241.33,238.81,1850000.0,0.0092
2020-10-12,240.26,241.74,242.83,239.94,1450000.0,0.0013
2020-10-13,235.98,238.85,239.09,234.87,1670000.0,-0.0178
2020-10-14,234.86,236.49,236.61,234.1,1080000.0,-0.004699999999999999
2020-10-15,229.6,229.08,230.71,228.0,2390000.0,-0.022400000000000003
2020-10-16,233.08,231.1,234.43,230.56,1840000.0,0.0152
2020-10-19,229.87,233.91,234.42,229.43,1130000.0,-0.0138
2020-10-20,233.24,231.5,234.14,230.98,1420000.0,0.0147
2020-10-21,230.91,232.48,235.61,230.72,1360000.0,-0.01
2020-10-22,233.2,229.67,234.08,228.46,1470000.0,0.009899999999999999
2020-10-23,234.27,236.4,236.93,233.76,1320000.0,0.0046
2020-10-26,227.99,231.14,231.49,226.28,1250000.0,-0.0268
2020-10-27,225.47,226.43,228.55,225.18,1570000.0,-0.0111
2020-10-28,216.91,217.86,220.5,216.14,2300000.0,-0.038
2020-10-29,219.84,215.69,221.59,214.14,2240000.0,0.013500000000000002
2020-10-30,220.34,219.13,220.9,217.28,2480000.0,0.0023
2020-11-02,228.58,225.12,230.21,224.05,2180000.0,0.0374
2020-11-03,234.09,232.64,235.37,231.85,1600000.0,0.0241
2020-11-04,235.29,233.61,238.5,232.09,2350000.0,0.0051
2020-11-05,249.76,249.8,253.35,248.36,2920000.0,0.061500000000000006
2020-11-06,250.32,253.53,253.66,249.53,1730000.0,0.0022
2020-11-09,257.65,268.65,269.78,257.19,3180000.0,0.029300000000000003
2020-11-10,262.04,262.51,264.49,259.71,1940000.0,0.017
2020-11-11,259.62,262.6,262.85,256.88,1840000.0,-0.0092
2020-11-12,255.07,257.06,259.73,254.16,1670000.0,-0.0175
2020-11-13,257.06,257.59,258.62,255.81,1200000.0,0.0078000000000000005
2020-11-16,255.46,258.38,259.08,252.81,1720000.0,-0.0062
2020-11-17,252.14,253.79,254.68,251.01,1950000.0,-0.013000000000000001
2020-11-18,250.3,253.09,254.39,250.2,1180000.0,-0.0073
2020-11-19,253.07,250.0,253.29,248.81,1210000.0,0.0111
2020-11-20,252.07,253.4,254.53,251.4,1340000.0,-0.004
2020-11-23,252.14,253.95,255.21,251.1,1230000.0,0.0003
2020-11-24,256.16,253.46,257.77,252.68,1980000.0,0.0159
2020-11-25,253.34,255.9,256.02,253.04,1170000.0,-0.011000000000000001
2020-11-27,257.43,258.23,259.13,257.2,1080000.0,0.0161
2020-11-30,256.42,261.33,261.52,255.3,3380000.0,-0.0039000000000000003
2020-12-01,258.9,260.79,261.25,257.45,1800000.0,0.0097
2020-12-02,251.0,256.53,257.01,250.75,2060000.0,-0.0305
2020-12-03,246.2,252.61,252.73,245.76,2460000.0,-0.0191
2020-12-04,250.62,244.81,250.62,244.77,3030000.0,0.018000000000000002
2020-12-07,249.78,253.43,254.66,249.22,1770000.0,-0.0034000000000000002
2020-12-08,249.24,248.0,250.06,246.57,1400000.0,-0.0022
2020-12-09,251.14,250.98,251.83,248.46,1450000.0,0.0076
2020-12-10,250.95,250.86,252.41,249.4,1250000.0,-0.0008
2020-12-11,249.4,248.33,249.96,247.43,1330000.0,-0.0062
2020-12-14,247.6,250.94,251.51,247.57,1810000.0,-0.0072
2020-12-15,251.66,249.56,252.99,249.3,1420000.0,0.016399999999999998
2020-12-16,250.13,251.8,252.1,249.49,1350000.0,-0.0060999999999999995
2020-12-17,256.63,255.87,257.21,255.1,1540000.0,0.026000000000000002
2020-12-18,257.67,257.13,258.73,253.51,3530000.0,0.0040999999999999995
2020-12-21,254.17,250.0,255.03,247.5,1720000.0,-0.013600000000000001
2020-12-22,253.46,253.0,254.69,251.7,1160000.0,-0.0028000000000000004
2020-12-23,255.1,256.18,257.78,254.9,1040000.0,0.006500000000000001
2020-12-24,256.62,254.8,256.98,254.77,276350.0,0.006
2020-12-28,260.02,262.03,263.43,259.68,1260000.0,0.0132
2020-12-29,259.42,263.13,263.28,258.63,881120.0,-0.0023
2020-12-30,261.77,261.0,262.43,260.46,924920.0,0.0091
2020-12-31,263.51,262.46,263.83,260.61,909290.0,0.0066
2021-01-04,258.81,266.71,267.29,257.37,1740000.0,-0.0178
2021-01-05,262.87,257.56,263.24,257.56,1620000.0,0.015700000000000002
2021-01-06,271.5,261.4,274.57,261.39,2590000.0,0.032799999999999996
2021-01-07,270.72,269.06,273.76,269.0,1760000.0,-0.0029
2021-01-08,270.4,272.03,272.38,267.93,1880000.0,-0.0012
2021-01-11,267.53,264.24,269.09,264.19,1910000.0,-0.0106
2021-01-12,266.62,265.01,267.59,263.67,1790000.0,-0.0034000000000000002
2021-01-13,267.73,266.65,268.53,266.21,1520000.0,0.0042
2021-01-14,263.69,267.18,267.28,263.54,1900000.0,-0.0151
2021-01-15,258.09,261.91,261.91,256.9,1960000.0,-0.0212
2021-01-19,259.04,263.07,263.61,258.28,1640000.0,0.0037
2021-01-20,257.4,257.43,260.7,257.29,1770000.0,-0.0063
2021-01-21,253.2,257.13,257.74,253.0,1560000.0,-0.0163
2021-01-22,251.48,251.19,254.56,251.19,1580000.0,-0.0068000000000000005
2021-01-25,253.12,248.54,253.55,246.0,1990000.0,0.006500000000000001
2021-01-26,255.85,254.54,257.66,254.25,1540000.0,0.0108
2021-01-27,242.91,250.56,250.76,240.8,2680000.0,-0.0506
2021-01-28,249.54,246.97,251.2,246.07,2110000.0,0.0273
2021-01-29,245.4,247.59,249.32,244.1,1650000.0,-0.0166
2021-02-01,250.43,248.25,251.2,245.94,1630000.0,0.020499999999999997
2021-02-02,252.25,250.75,253.64,250.25,1530000.0,0.0073
2021-02-03,250.13,252.52,253.49,249.81,2370000.0,-0.0084
2021-02-04,249.18,249.94,252.42,247.31,2710000.0,-0.0038
2021-02-05,257.37,255.05,259.68,252.21,2810000.0,0.0329
2021-02-08,257.34,259.12,259.98,255.63,1770000.0,-0.0001
2021-02-09,255.62,257.89,258.07,254.95,1390000.0,-0.0067
2021-02-10,252.72,254.19,255.11,251.36,1590000.0,-0.0113
2021-02-11,253.11,254.15,255.22,251.79,1200000.0,0.0015
2021-02-12,252.68,252.03,253.71,250.9,1480000.0,-0.0017000000000000001
2021-02-16,250.14,252.55,254.54,249.85,2250000.0,-0.0101
2021-02-17,249.28,248.89,250.29,247.24,1650000.0,-0.0034000000000000002
2021-02-18,249.93,247.84,251.24,246.47,2170000.0,0.0026
2021-02-19,250.88,249.53,251.97,249.15,1960000.0,0.0038
2021-02-22,251.07,250.1,252.0,249.22,2029999.9999999998,0.0008
2021-02-23,258.64,251.5,259.2,250.21,3010000.0,0.0302
2021-02-24,254.61,258.0,259.35,254.49,2160000.0,-0.015600000000000001
2021-02-25,247.0,252.95,254.04,246.9,2100000.0,-0.029900000000000003
2021-02-26,244.27,246.78,248.21,244.18,2600000.0,-0.0111
2021-03-01,251.49,247.43,252.52,247.26,1520000.0,0.0296
2021-03-02,254.01,253.16,256.99,253.0,1670000.0,0.01
2021-03-03,247.55,250.56,251.21,247.46,1780000.0,-0.0254
2021-03-04,245.42,247.5,249.66,242.47,2370000.0,-0.0086
2021-03-05,247.64,246.28,248.29,241.88,2140000.0,0.009000000000000001
2021-03-08,253.68,248.49,256.7,247.82,2450000.0,0.024399999999999998
2021-03-09,262.34,261.21,264.9,258.02,2810000.0,0.0341
2021-03-10,265.64,264.12,267.01,263.89,2190000.0,0.0126
2021-03-11,267.37,268.84,270.0,267.24,1570000.0,0.006500000000000001
2021-03-12,268.5,266.38,268.56,265.41,1140000.0,0.0042
2021-03-15,269.0,265.1,269.01,264.69,1680000.0,0.0019
2021-03-16,270.79,268.1,271.72,268.1,1600000.0,0.0067
2021-03-17,269.55,269.69,271.78,268.41,1670000.0,-0.0046
2021-03-18,267.9,267.56,270.49,266.55,1940000.0,-0.0060999999999999995
2021-03-19,269.12,268.0,270.89,264.12,3850000.0,0.0046
2021-03-22,270.36,268.52,271.65,267.63,1350000.0,0.0046
2021-03-23,267.88,270.19,272.47,266.97,1540000.0,-0.0092
2021-03-24,269.77,266.8,271.17,266.68,1480000.0,0.0070999999999999995
2021-03-25,273.38,269.91,274.15,268.71,1850000.0,0.0134
2021-03-26,281.4,275.0,281.88,274.43,2240000.0,0.029300000000000003
2021-03-29,281.0,280.13,283.25,277.77,2450000.0,-0.0014000000000000002
2021-03-30,279.26,280.26,280.81,278.69,1360000.0,-0.0062
2021-03-31,280.14,278.06,283.25,278.06,2220000.0,0.0032
2021-04-01,280.84,279.13,281.43,277.17,1590000.0,0.0025
2021-04-05,285.4,282.56,286.98,282.56,1400000.0,0.016200000000000003
2021-04-06,284.11,284.5,285.22,282.37,1620000.0,-0.0045000000000000005
2021-04-07,281.35,283.49,284.42,280.45,3020000.0,-0.0097
2021-04-08,282.2,283.07,284.14,281.92,2000000.0,0.003
2021-04-09,284.8,283.79,285.23,281.73,1600000.0,0.0092
2021-04-12,285.43,283.02,286.37,283.02,1480000.0,0.0022
2021-04-13,286.29,285.46,287.79,285.17,1540000.0,0.003
2021-04-14,285.05,284.84,286.51,284.12,1330000.0,-0.0043
2021-04-15,287.97,287.0,288.8,286.61,1450000.0,0.0102
2021-04-16,289.96,288.84,290.64,288.52,1300000.0,0.0069
2021-04-19,288.45,289.99,290.13,287.03,1680000.0,-0.0052
2021-04-20,285.84,287.15,287.85,285.69,1600000.0,-0.009000000000000001
2021-04-21,291.97,287.69,292.49,287.49,1180000.0,0.021400000000000002
2021-04-22,288.7,290.68,291.81,288.17,930650.0,-0.011200000000000002
2021-04-23,291.6,288.37,292.42,287.85,1290000.0,0.01
2021-04-26,289.52,292.03,292.05,288.77,906290.0,-0.0070999999999999995
2021-04-27,290.21,288.56,290.85,287.64,1200000.0,0.0024
2021-04-28,287.14,288.43,290.56,286.95,1370000.0,-0.0106
2021-04-29,289.34,288.36,289.34,285.93,1290000.0,0.0077
2021-04-30,285.84,288.33,288.63,285.4,1930000.0,-0.0121
2021-05-03,288.7,287.34,289.58,287.11,974980.0,0.01
2021-05-04,283.0,284.28,285.87,281.95,2300000.0,-0.0197
2021-05-05,291.61,287.59,292.77,286.74,1760000.0,0.0304
2021-05-06,296.4,294.98,296.5,291.59,2530000.0,0.016399999999999998
2021-05-07,298.93,298.5,300.91,296.93,1880000.0,0.0085
2021-05-10,301.01,302.1,303.87,301.01,1700000.0,0.006999999999999999
2021-05-11,298.61,297.98,300.94,296.3,1630000.0,-0.008
2021-05-12,293.98,294.94,297.77,293.29,1780000.0,-0.0155
2021-05-13,297.95,294.58,298.79,293.83,1570000.0,0.013500000000000002
2021-05-14,301.17,299.57,301.84,298.98,1210000.0,0.0108
2021-05-17,300.88,302.19,303.21,299.0,1140000.0,-0.001
2021-05-18,298.0,301.31,301.81,297.81,1310000.0,-0.0096
2021-05-19,296.07,294.68,296.49,291.54,1880000.0,-0.006500000000000001
2021-05-20,298.13,297.51,300.82,297.51,1270000.0,0.006999999999999999
2021-05-21,298.57,299.74,302.03,298.34,1920000.0,0.0015
2021-05-24,301.27,301.15,303.07,300.55,1060000.0,0.009000000000000001
2021-05-25,301.25,302.41,302.69,300.22,1330000.0,-0.0001
2021-05-26,299.77,301.1,301.59,297.46,1410000.0,-0.0049
2021-05-27,300.78,300.74,301.71,299.77,1710000.0,0.0034000000000000002
2021-05-28,300.6,302.59,302.99,300.0,1430000.0,-0.0006
2021-06-01,302.26,305.17,305.71,301.27,1420000.0,0.0055000000000000005
2021-06-02,299.88,302.31,302.37,299.32,1560000.0,-0.0079
2021-06-03,298.32,297.62,298.71,296.05,1610000.0,-0.0052
2021-06-04,299.86,299.96,301.74,298.55,1360000.0,0.0052
2021-06-07,291.58,297.42,297.99,291.13,3590000.0,-0.0276
2021-06-08,292.5,293.48,294.28,291.36,1720000.0,0.0032
2021-06-09,290.48,292.31,294.49,290.17,1720000.0,-0.0069
2021-06-10,290.33,292.15,293.11,290.2,1310000.0,-0.0005
2021-06-11,291.22,291.58,292.68,289.95,1440000.0,0.0031
2021-06-14,290.91,291.0,291.55,287.94,1490000.0,-0.0011
2021-06-15,290.91,293.7,293.72,288.95,2009999.9999999998,0.0
2021-06-16,289.56,294.74,294.98,289.34,2360000.0,-0.0046
2021-06-17,287.24,288.74,289.46,285.37,2400000.0,-0.008
2021-06-18,282.02,284.12,285.56,281.99,3880000.0,-0.0182
2021-06-21,288.33,286.67,288.63,285.38,2280000.0,0.022400000000000003
2021-06-22,290.35,290.8,291.49,289.35,2380000.0,0.006999999999999999
2021-06-23,284.76,289.45,290.12,284.32,2690000.0,-0.019299999999999998
2021-06-24,285.13,286.93,287.71,284.82,3120000.0,0.0013
2021-06-25,285.11,285.14,286.88,283.0,23410000.0,-0.0001
2021-06-28,289.69,289.02,289.84,287.26,1970000.0,0.0161
2021-06-29,290.37,292.13,293.02,289.74,1180000.0,0.0023
2021-06-30,289.1,288.11,289.86,288.11,1550000.0,-0.0044
2021-07-01,290.84,289.69,290.9,288.96,1280000.0,0.006
2021-07-02,291.76,290.7,292.35,289.54,1070000.0,0.0032
2021-07-06,288.5,291.46,291.8,287.51,1290000.0,-0.011200000000000002
2021-07-07,292.53,290.64,292.76,289.39,1230000.0,0.013999999999999999
2021-07-08,286.99,287.53,287.91,284.8,1590000.0,-0.0189
2021-07-09,292.71,290.9,293.82,290.08,1410000.0,0.0199
